{"cameraMode":{"drawMode":0,"name":"Shaded","section":"Shading Mode"},"sceneLighting":false,"audioPlay":false,"sceneViewState":{"m_AlwaysRefresh":false,"showFog":true,"showSkybox":false,"showFlares":true,"showImageEffects":true,"showParticleSystems":true,"showVisualEffectGraphs":true,"m_FxEnabled":true},"in2DMode":false,"pivot":{"x":5.212946891784668,"y":1.817734718322754,"z":12.034259796142579},"rotation":{"x":-0.11106525361537934,"y":-0.05387873947620392,"z":0.011856063269078732,"w":-0.9940263628959656},"size":2.9525277614593508,"orthographic":false}